Borough or District,Data Type,Year,PK,K,Grade 1,Grade 2,Grade 3,Grade 4,Grade 5,Grade 6,Grade 7,Grade 8,Grade 9,Grade 10,Grade 11,Grade 12,GED,SE1
27,Projected,2016-17,2459,3729,3690,3692,3880,3800,3716,3788,3857,4036,n/a,n/a,n/a,n/a,n/a,
27,Projected,2017-18,2469,3744,3768,3651,3645,3870,3803,3845,3952,3909,n/a,n/a,n/a,n/a,n/a,
27,Projected,2018-19,2478,3758,3783,3728,3608,3634,3870,3936,4015,4007,n/a,n/a,n/a,n/a,n/a,
27,Projected,2019-20,2489,3772,3797,3743,3684,3601,3633,4007,4108,4074,n/a,n/a,n/a,n/a,n/a,
27,Projected,2020-21,2498,3786,3811,3757,3699,3678,3603,3759,4186,4166,n/a,n/a,n/a,n/a,n/a,
27,Projected,2021-22,2507,3802,3825,3770,3713,3692,3679,3730,3912,4248,n/a,n/a,n/a,n/a,n/a,
28,Historical,2011-12,2388,2729,2746,2747,2723,2583,2550,2584,2292,2327,n/a,n/a,n/a,n/a,n/a,
28,Projected,2012-13,2271,2788,2871,2690,2786,2712,2612,2574,2422,2343,n/a,n/a,n/a,n/a,n/a,
28,Projected,2013-14,2251,2732,2932,2813,2728,2775,2742,2633,2407,2477,n/a,n/a,n/a,n/a,n/a,
28,Projected,2014-15,2243,2715,2872,2873,2854,2720,2809,2758,2466,2463,n/a,n/a,n/a,n/a,n/a,
28,Projected,2015-16,2291,2706,2855,2813,2915,2844,2757,2829,2577,2525,n/a,n/a,n/a,n/a,n/a,
28,Projected,2016-17,2299,2763,2848,2796,2856,2906,2880,2777,2638,2641,n/a,n/a,n/a,n/a,n/a,
28,Projected,2017-18,2308,2775,2907,2791,2836,2850,2945,2902,2585,2704,n/a,n/a,n/a,n/a,n/a,
28,Projected,2018-19,2318,2786,2921,2847,2834,2827,2890,2965,2705,2650,n/a,n/a,n/a,n/a,n/a,
28,Projected,2019-20,2326,2795,2933,2861,2891,2828,2866,2909,2760,2772,n/a,n/a,n/a,n/a,n/a,
28,Projected,2020-21,2335,2806,2941,2873,2905,2886,2869,2885,2701,2830,n/a,n/a,n/a,n/a,n/a,
28,Projected,2021-22,2345,2817,2952,2881,2917,2900,2927,2889,2682,2770,n/a,n/a,n/a,n/a,n/a,
29,Historical,2011-12,1701,2432,2564,2548,2513,2592,2625,2395,2470,2610,n/a,n/a,n/a,n/a,n/a,
29,Projected,2012-13,1792,2444,2634,2526,2506,2501,2570,2404,2442,2489,n/a,n/a,n/a,n/a,n/a,
29,Projected,2013-14,1720,2504,2650,2594,2489,2500,2483,2353,2450,2464,n/a,n/a,n/a,n/a,n/a,
29,Projected,2014-15,1706,2409,2708,2611,2554,2480,2487,2261,2399,2474,n/a,n/a,n/a,n/a,n/a,
29,Projected,2015-16,1743,2395,2608,2665,2574,2551,2467,2260,2306,2422,n/a,n/a,n/a,n/a,n/a,
29,Projected,2016-17,1749,2445,2593,2567,2623,2572,2542,2242,2306,2333,n/a,n/a,n/a,n/a,n/a,
29,Projected,2017-18,1756,2456,2647,2554,2526,2618,2563,2313,2284,2335,n/a,n/a,n/a,n/a,n/a,
29,Projected,2018-19,1762,2467,2660,2607,2517,2520,2606,2330,2359,2309,n/a,n/a,n/a,n/a,n/a,
29,Projected,2019-20,1770,2475,2672,2620,2570,2512,2508,2370,2376,2386,n/a,n/a,n/a,n/a,n/a,
29,Projected,2020-21,1776,2485,2680,2632,2583,2565,2502,2287,2417,2404,n/a,n/a,n/a,n/a,n/a,
29,Projected,2021-22,1783,2495,2691,2639,2593,2579,2555,2275,2331,2446,n/a,n/a,n/a,n/a,n/a,
30,Historical,2011-12,2588,3207,3198,3115,3124,3018,3100,3424,3057,3077,n/a,n/a,n/a,n/a,n/a,
30,Projected,2012-13,2419,3208,3317,3118,3070,3107,3103,3440,3214,3133,n/a,n/a,n/a,n/a,n/a,
30,Projected,2013-14,2432,3004,3316,3233,3073,3058,3194,3451,3235,3295,n/a,n/a,n/a,n/a,n/a,
30,Projected,2014-15,2438,3015,3106,3232,3189,3057,3146,3551,3236,3314,n/a,n/a,n/a,n/a,n/a,
30,Projected,2015-16,2489,3017,3115,3024,3187,3171,3144,3502,3327,3321,n/a,n/a,n/a,n/a,n/a,
30,Projected,2016-17,2500,3081,3116,3033,2981,3169,3262,3497,3278,3415,n/a,n/a,n/a,n/a,n/a,
30,Projected,2017-18,2509,3093,3182,3033,2990,2961,3257,3619,3276,3367,n/a,n/a,n/a,n/a,n/a,
30,Projected,2018-19,2519,3105,3194,3098,2991,2970,3045,3609,3391,3364,n/a,n/a,n/a,n/a,n/a,
30,Projected,2019-20,2528,3117,3207,3110,3055,2970,3050,3375,3381,3481,n/a,n/a,n/a,n/a,n/a,
30,Projected,2020-21,2538,3130,3219,3122,3067,3033,3049,3379,3166,3471,n/a,n/a,n/a,n/a,n/a,
30,Projected,2021-22,2549,3141,3232,3133,3079,3046,3113,3373,3168,3247,n/a,n/a,n/a,n/a,n/a,
31,Historical,2011-12,3579,4650,4638,4622,4801,4623,4370,4301,4157,4277,n/a,n/a,n/a,n/a,n/a,
31,Projected,2012-13,3494,4673,4862,4589,4622,4750,4605,4198,4286,4197,n/a,n/a,n/a,n/a,n/a,
31,Projected,2013-14,3462,4588,4886,4816,4592,4573,4730,4426,4183,4329,n/a,n/a,n/a,n/a,n/a,
31,Projected,2014-15,3386,4581,4798,4837,4822,4543,4552,4545,4412,4227,n/a,n/a,n/a,n/a,n/a,
31,Projected,2015-16,3458,4472,4802,4752,4843,4770,4523,4377,4530,4458,n/a,n/a,n/a,n/a,n/a,
31,Projected,2016-17,3474,4567,4687,4758,4757,4791,4748,4351,4363,4576,n/a,n/a,n/a,n/a,n/a,
31,Projected,2017-18,3489,4588,4785,4643,4768,4707,4771,4570,4336,4407,n/a,n/a,n/a,n/a,n/a,
31,Projected,2018-19,3505,4610,4807,4740,4652,4716,4685,4590,4554,4385,n/a,n/a,n/a,n/a,n/a,
31,Projected,2019-20,3521,4629,4831,4763,4750,4602,4694,4507,4573,4610,n/a,n/a,n/a,n/a,n/a,
31,Projected,2020-21,3537,4651,4850,4787,4773,4698,4582,4514,4490,4628,n/a,n/a,n/a,n/a,n/a,
31,Projected,2021-22,3553,4671,4873,4805,4796,4720,4677,4406,4492,4545,n/a,n/a,n/a,n/a,n/a,
32,Historical,2011-12,1194,1299,1309,1275,1267,1220,1308,1327,1329,1310,n/a,n/a,n/a,n/a,n/a,
32,Projected,2012-13,1130,1278,1382,1248,1184,1268,1222,1322,1328,1315,n/a,n/a,n/a,n/a,n/a,
32,Projected,2013-14,1094,1201,1359,1318,1158,1185,1266,1235,1326,1317,n/a,n/a,n/a,n/a,n/a,
32,Projected,2014-15,1106,1165,1277,1297,1223,1158,1188,1275,1240,1315,n/a,n/a,n/a,n/a,n/a,
32,Projected,2015-16,1102,1172,1238,1217,1204,1224,1158,1200,1283,1230,n/a,n/a,n/a,n/a,n/a,
32,Projected,2016-17,1100,1169,1245,1180,1131,1204,1221,1167,1203,1274,n/a,n/a,n/a,n/a,n/a,
32,Projected,2017-18,1094,1167,1242,1187,1096,1131,1203,1228,1173,1193,n/a,n/a,n/a,n/a,n/a,
32,Projected,2018-19,1091,1163,1240,1184,1102,1096,1127,1212,1237,1164,n/a,n/a,n/a,n/a,n/a,
32,Projected,2019-20,1088,1160,1235,1182,1100,1103,1092,1134,1219,1229,n/a,n/a,n/a,n/a,n/a,
32,Projected,2020-21,1085,1156,1232,1177,1098,1101,1096,1099,1144,1210,n/a,n/a,n/a,n/a,n/a,
32,Projected,2021-22,1081,1153,1228,1174,1093,1099,1094,1101,1109,1138,n/a,n/a,n/a,n/a,n/a,
Manhattan,Historical,2011-12,7142,9697,9777,9624,9227,8967,8575,8784,8686,9013,17825,18117,14685,13224,842,
Manhattan,Projected,2012-13,6949,9766,9946,9631,9557,9218,8512,8615,8887,8855,17454,17223,14805,13970,842,
Manhattan,Projected,2013-14,6791,9511,10002,9802,9560,9546,8745,8554,8715,9062,17123,16881,14112,14087,842,
Manhattan,Projected,2014-15,6618,9388,9729,9862,9731,9548,9067,8777,8644,8889,17513,16587,13877,13430,842,
Manhattan,Projected,2015-16,6840,9141,9602,9594,9787,9724,9087,9098,8875,8817,17118,17026,13661,13207,842,
Manhattan,Projected,2016-17,6913,9448,9346,9470,9520,9777,9274,9119,9184,9058,16856,16642,14074,13002,842,
Manhattan,Projected,2017-18,6986,9546,9660,9206,9396,9506,9333,9304,9211,9376,17272,16448,13785,13399,842,
Manhattan,Projected,2018-19,7058,9648,9759,9515,9136,9381,9085,9360,9396,9403,17772,16926,13692,13123,842,
Manhattan,Projected,2019-20,7131,9749,9864,9613,9441,9121,8973,9115,9447,9589,17790,17414,14153,13040,842,
Manhattan,Projected,2020-21,7200,9848,9969,9716,9540,9424,8717,8997,9204,9646,18122,17459,14606,13482,842,
Manhattan,Projected,2021-22,7274,9948,10070,9821,9642,9523,9006,8735,9082,9395,18231,17837,14666,13913,842,
Bronx,Historical,2011-12,10739,15896,16647,15813,15780,15134,15411,15377,15180,15248,18582,16737,12720,12107,835,
Bronx,Projected,2012-13,11094,16215,17077,16109,15502,15618,14872,15459,15490,15300,18285,16628,12280,12658,835,
Bronx,Projected,2013-14,11100,16356,17425,16523,15800,15349,15359,14923,15583,15613,18340,16367,12203,12220,835,
Bronx,Projected,2014-15,10828,16396,17571,16868,16203,15647,15099,15413,15041,15713,18777,16417,12017,12143,835,
Bronx,Projected,2015-16,10988,16013,17610,17001,16550,16047,15405,15143,15540,15166,18886,16829,12043,11958,835,
Bronx,Projected,2016-17,11021,16244,17202,17044,16675,16397,15799,15439,15271,15683,18247,16925,12378,11983,835,
Bronx,Projected,2017-18,11056,16292,17448,16652,16708,16522,16157,15852,15570,15407,18887,16357,12441,12312,835,
Bronx,Projected,2018-19,11092,16343,17501,16889,16331,16556,16275,16194,15997,15713,18585,16937,12032,12375,835,
Bronx,Projected,2019-20,11127,16396,17555,16941,16561,16187,16308,16307,16344,16151,18964,16680,12466,11966,835,
Bronx,Projected,2020-21,11162,16447,17613,16993,16613,16414,15953,16340,16452,16505,19542,17023,12293,12396,835,
Bronx,Projected,2021-22,11198,16500,17668,17050,16665,16464,16175,15993,16487,16609,19985,17553,12548,12221,835,
Brooklyn,Historical,2011-12,19310,22114,22796,22285,22118,21662,21041,21390,21069,21707,24556,25442,18736,19206,376,
Brooklyn,Projected,2012-13,19566,22721,23606,22497,22090,22013,20930,21095,21535,21443,24314,24329,18208,19138,376,
Brooklyn,Projected,2013-14,19695,22531,24263,23324,22302,22005,21299,20976,21236,21928,24031,24097,17420,18605,376,
Brooklyn,Projected,2014-15,19490,22507,24031,23996,23120,22211,21359,21330,21125,21623,24584,23840,17248,17800,376,
Brooklyn,Projected,2015-16,19450,22311,24000,23757,23811,23039,21567,21451,21494,21533,24212,24434,17061,17629,376,
Brooklyn,Projected,2016-17,19392,22267,23767,23724,23577,23728,22416,21578,21624,21907,24103,24073,17491,17443,376,
Brooklyn,Projected,2017-18,19323,22194,23723,23501,23547,23493,23123,22437,21751,22064,24514,23984,17224,17892,376,
Brooklyn,Projected,2018-19,19265,22122,23645,23457,23328,23465,22896,23001,22632,22198,24703,24434,17154,17622,376,
Brooklyn,Projected,2019-20,19204,22052,23567,23379,23286,23256,22885,22821,23212,23118,24859,24691,17479,17556,376,
Brooklyn,Projected,2020-21,19141,21980,23491,23303,23209,23213,22693,22795,23035,23732,25900,24843,17670,17896,376,
Brooklyn,Projected,2021-22,19078,21908,23416,23227,23133,23135,22652,22581,23016,23550,26649,25900,17765,18104,376,
Queens,Historical,2011-12,16407,21591,21721,21469,20897,20453,20189,20566,19800,20257,22773,21034,18319,16966,369,
Queens,Projected,2012-13,16168,22338,22423,21512,21377,20930,20641,20568,20820,20212,23390,20544,17338,18071,369,
Queens,Projected,2013-14,15760,21952,23177,22210,21414,21445,21133,21011,20816,21265,23276,21102,16956,17111,369,
Queens,Projected,2014-15,15605,21414,22773,22953,22118,21470,21674,21505,21275,21256,24364,21032,17415,16741,369,
Queens,Projected,2015-16,15936,21174,22224,22543,22854,22183,21703,22059,21781,21745,24465,22090,17382,17196,369,
Queens,Projected,2016-17,15999,21623,21984,22001,22444,22928,22432,22065,22379,22279,24971,22119,18322,17174,369,
Queens,Projected,2017-18,16060,21712,22449,21768,21901,22508,23188,22818,22387,22916,25533,22618,18278,18127,369,
Queens,Projected,2018-19,16125,21795,22543,22227,21682,21965,22757,23581,23151,22917,26208,23161,18712,18063,369,
Queens,Projected,2019-20,16186,21878,22629,22322,22142,21756,22206,23126,23929,23704,26255,23823,19180,18505,369,
Queens,Projected,2020-21,16248,21962,22712,22407,22236,22220,22001,22576,23492,24510,27143,23837,19768,18978,369,
Queens,Projected,2021-22,16313,22048,22798,22487,22319,22316,22468,22359,22915,24054,27946,24652,19736,19576,369,
Staten Island,Historical,2011-12,3579,4650,4638,4622,4801,4623,4370,4301,4157,4277,5479,4847,4049,3634,211,
Staten Island,Projected,2012-13,3494,4673,4862,4589,4622,4750,4605,4198,4286,4197,5342,5001,4076,3649,211,
Staten Island,Projected,2013-14,3462,4588,4886,4816,4592,4573,4730,4426,4183,4329,5209,4877,4183,3678,211,
Staten Island,Projected,2014-15,3386,4581,4798,4837,4822,4543,4552,4545,4412,4227,5380,4763,4081,3767,211,
Staten Island,Projected,2015-16,3458,4472,4802,4752,4843,4770,4523,4377,4530,4458,5274,4923,3997,3677,211,
Staten Island,Projected,2016-17,3474,4567,4687,4758,4757,4791,4748,4351,4363,4576,5551,4816,4135,3609,211,
Staten Island,Projected,2017-18,3489,4588,4785,4643,4768,4707,4771,4570,4336,4407,5686,5078,4029,3735,211,
Staten Island,Projected,2018-19,3505,4610,4807,4740,4652,4716,4685,4590,4554,4385,5472,5201,4261,3636,211,
Staten Island,Projected,2019-20,3521,4629,4831,4763,4750,4602,4694,4507,4573,4610,5497,5004,4363,3851,211,
Staten Island,Projected,2020-21,3537,4651,4850,4787,4773,4698,4582,4514,4490,4628,5824,5007,4195,3943,211,
Staten Island,Projected,2021-22,3553,4671,4873,4805,4796,4720,4677,4406,4492,4545,5844,5289,4166,3793,211,
Manhattan HS,Historical,2011-12,n/a,n/a,n/a,n/a,n/a,n/a,n/a,n/a,n/a,n/a,17825,18117,14685,13224,842,
Manhattan HS,Projected,2012-13,n/a,n/a,n/a,n/a,n/a,n/a,n/a,n/a,n/a,n/a,17454,17223,14805,13970,842,
Manhattan HS,Projected,2013-14,n/a,n/a,n/a,n/a,n/a,n/a,n/a,n/a,n/a,n/a,17123,16881,14112,14087,842,
Manhattan HS,Projected,2014-15,n/a,n/a,n/a,n/a,n/a,n/a,n/a,n/a,n/a,n/a,17513,16587,13877,13430,842,
Manhattan HS,Projected,2015-16,n/a,n/a,n/a,n/a,n/a,n/a,n/a,n/a,n/a,n/a,17118,17026,13661,13207,842,
Manhattan HS,Projected,2016-17,n/a,n/a,n/a,n/a,n/a,n/a,n/a,n/a,n/a,n/a,16856,16642,14074,13002,842,
Manhattan HS,Projected,2017-18,n/a,n/a,n/a,n/a,n/a,n/a,n/a,n/a,n/a,n/a,17272,16448,13785,13399,842,
Manhattan HS,Projected,2018-19,n/a,n/a,n/a,n/a,n/a,n/a,n/a,n/a,n/a,n/a,17772,16926,13692,13123,842,
Manhattan HS,Projected,2019-20,n/a,n/a,n/a,n/a,n/a,n/a,n/a,n/a,n/a,n/a,17790,17414,14153,13040,842,
Manhattan HS,Projected,2020-21,n/a,n/a,n/a,n/a,n/a,n/a,n/a,n/a,n/a,n/a,18122,17459,14606,13482,842,
Manhattan HS,Projected,2021-22,n/a,n/a,n/a,n/a,n/a,n/a,n/a,n/a,n/a,n/a,18231,17837,14666,13913,842,
Bronx HS,Historical,2011-12,n/a,n/a,n/a,n/a,n/a,n/a,n/a,n/a,n/a,n/a,18582,16737,12720,12107,835,
Bronx HS,Projected,2012-13,n/a,n/a,n/a,n/a,n/a,n/a,n/a,n/a,n/a,n/a,18285,16628,12280,12658,835,
Bronx HS,Projected,2013-14,n/a,n/a,n/a,n/a,n/a,n/a,n/a,n/a,n/a,n/a,18340,16367,12203,12220,835,
Bronx HS,Projected,2014-15,n/a,n/a,n/a,n/a,n/a,n/a,n/a,n/a,n/a,n/a,18777,16417,12017,12143,835,
Bronx HS,Projected,2015-16,n/a,n/a,n/a,n/a,n/a,n/a,n/a,n/a,n/a,n/a,18886,16829,12043,11958,835,
Bronx HS,Projected,2016-17,n/a,n/a,n/a,n/a,n/a,n/a,n/a,n/a,n/a,n/a,18247,16925,12378,11983,835,
Bronx HS,Projected,2017-18,n/a,n/a,n/a,n/a,n/a,n/a,n/a,n/a,n/a,n/a,18887,16357,12441,12312,835,
Bronx HS,Projected,2018-19,n/a,n/a,n/a,n/a,n/a,n/a,n/a,n/a,n/a,n/a,18585,16937,12032,12375,835,
Bronx HS,Projected,2019-20,n/a,n/a,n/a,n/a,n/a,n/a,n/a,n/a,n/a,n/a,18964,16680,12466,11966,835,
Bronx HS,Projected,2020-21,n/a,n/a,n/a,n/a,n/a,n/a,n/a,n/a,n/a,n/a,19542,17023,12293,12396,835,
Bronx HS,Projected,2021-22,n/a,n/a,n/a,n/a,n/a,n/a,n/a,n/a,n/a,n/a,19985,17553,12548,12221,835,
Brooklyn HS,Historical,2011-12,n/a,n/a,n/a,n/a,n/a,n/a,n/a,n/a,n/a,n/a,24556,25442,18736,19206,376,
Brooklyn HS,Projected,2012-13,n/a,n/a,n/a,n/a,n/a,n/a,n/a,n/a,n/a,n/a,24314,24329,18208,19138,376,
Brooklyn HS,Projected,2013-14,n/a,n/a,n/a,n/a,n/a,n/a,n/a,n/a,n/a,n/a,24031,24097,17420,18605,376,
Brooklyn HS,Projected,2014-15,n/a,n/a,n/a,n/a,n/a,n/a,n/a,n/a,n/a,n/a,24584,23840,17248,17800,376,
Brooklyn HS,Projected,2015-16,n/a,n/a,n/a,n/a,n/a,n/a,n/a,n/a,n/a,n/a,24212,24434,17061,17629,376,
Brooklyn HS,Projected,2016-17,n/a,n/a,n/a,n/a,n/a,n/a,n/a,n/a,n/a,n/a,24103,24073,17491,17443,376,
Brooklyn HS,Projected,2017-18,n/a,n/a,n/a,n/a,n/a,n/a,n/a,n/a,n/a,n/a,24514,23984,17224,17892,376,
Brooklyn HS,Projected,2018-19,n/a,n/a,n/a,n/a,n/a,n/a,n/a,n/a,n/a,n/a,24703,24434,17154,17622,376,
Brooklyn HS,Projected,2019-20,n/a,n/a,n/a,n/a,n/a,n/a,n/a,n/a,n/a,n/a,24859,24691,17479,17556,376,
Brooklyn HS,Projected,2020-21,n/a,n/a,n/a,n/a,n/a,n/a,n/a,n/a,n/a,n/a,25900,24843,17670,17896,376,
Brooklyn HS,Projected,2021-22,n/a,n/a,n/a,n/a,n/a,n/a,n/a,n/a,n/a,n/a,26649,25900,17765,18104,376,
Queens HS,Historical,2011-12,n/a,n/a,n/a,n/a,n/a,n/a,n/a,n/a,n/a,n/a,22773,21034,18319,16966,369,
Queens HS,Projected,2012-13,n/a,n/a,n/a,n/a,n/a,n/a,n/a,n/a,n/a,n/a,23390,20544,17338,18071,369,
Queens HS,Projected,2013-14,n/a,n/a,n/a,n/a,n/a,n/a,n/a,n/a,n/a,n/a,23276,21102,16956,17111,369,
Queens HS,Projected,2014-15,n/a,n/a,n/a,n/a,n/a,n/a,n/a,n/a,n/a,n/a,24364,21032,17415,16741,369,
Queens HS,Projected,2015-16,n/a,n/a,n/a,n/a,n/a,n/a,n/a,n/a,n/a,n/a,24465,22090,17382,17196,369,
Queens HS,Projected,2016-17,n/a,n/a,n/a,n/a,n/a,n/a,n/a,n/a,n/a,n/a,24971,22119,18322,17174,369,
Queens HS,Projected,2017-18,n/a,n/a,n/a,n/a,n/a,n/a,n/a,n/a,n/a,n/a,25533,22618,18278,18127,369,
Queens HS,Projected,2018-19,n/a,n/a,n/a,n/a,n/a,n/a,n/a,n/a,n/a,n/a,26208,23161,18712,18063,369,
Queens HS,Projected,2019-20,n/a,n/a,n/a,n/a,n/a,n/a,n/a,n/a,n/a,n/a,26255,23823,19180,18505,369,
Queens HS,Projected,2020-21,n/a,n/a,n/a,n/a,n/a,n/a,n/a,n/a,n/a,n/a,27143,23837,19768,18978,369,
Queens HS,Projected,2021-22,n/a,n/a,n/a,n/a,n/a,n/a,n/a,n/a,n/a,n/a,27946,24652,19736,19576,369,
Staten Island HS,Historical,2011-12,n/a,n/a,n/a,n/a,n/a,n/a,n/a,n/a,n/a,n/a,5479,4847,4049,3634,211,
Staten Island HS,Projected,2012-13,n/a,n/a,n/a,n/a,n/a,n/a,n/a,n/a,n/a,n/a,5342,5001,4076,3649,211,
Staten Island HS,Projected,2013-14,n/a,n/a,n/a,n/a,n/a,n/a,n/a,n/a,n/a,n/a,5209,4877,4183,3678,211,
Staten Island HS,Projected,2014-15,n/a,n/a,n/a,n/a,n/a,n/a,n/a,n/a,n/a,n/a,5380,4763,4081,3767,211,
Staten Island HS,Projected,2015-16,n/a,n/a,n/a,n/a,n/a,n/a,n/a,n/a,n/a,n/a,5274,4923,3997,3677,211,
Staten Island HS,Projected,2016-17,n/a,n/a,n/a,n/a,n/a,n/a,n/a,n/a,n/a,n/a,5551,4816,4135,3609,211,
Staten Island HS,Projected,2017-18,n/a,n/a,n/a,n/a,n/a,n/a,n/a,n/a,n/a,n/a,5686,5078,4029,3735,211,
Staten Island HS,Projected,2018-19,n/a,n/a,n/a,n/a,n/a,n/a,n/a,n/a,n/a,n/a,5472,5201,4261,3636,211,
Staten Island HS,Projected,2019-20,n/a,n/a,n/a,n/a,n/a,n/a,n/a,n/a,n/a,n/a,5497,5004,4363,3851,211,
Staten Island HS,Projected,2020-21,n/a,n/a,n/a,n/a,n/a,n/a,n/a,n/a,n/a,n/a,5824,5007,4195,3943,211,
Staten Island HS,Projected,2021-22,n/a,n/a,n/a,n/a,n/a,n/a,n/a,n/a,n/a,n/a,5844,5289,4166,3793,211,
1,Historical,2011-12,1131,958,1025,1016,917,860,886,943,858,836,n/a,n/a,n/a,n/a,n/a,
1,Projected,2012-13,1125,1054,963,1023,1007,920,840,925,928,881,n/a,n/a,n/a,n/a,n/a,
1,Projected,2013-14,1115,1033,1060,961,1016,1010,900,880,911,954,n/a,n/a,n/a,n/a,n/a,
1,Projected,2014-15,980,1017,1035,1059,954,1017,987,945,866,935,n/a,n/a,n/a,n/a,n/a,
1,Projected,2015-16,1014,899,1020,1033,1050,956,996,1037,930,889,n/a,n/a,n/a,n/a,n/a,
1,Projected,2016-17,1024,930,901,1019,1028,1053,935,1048,1021,954,n/a,n/a,n/a,n/a,n/a,
1,Projected,2017-18,1035,938,932,898,1014,1029,1030,982,1032,1049,n/a,n/a,n/a,n/a,n/a,
1,Projected,2018-19,1045,949,940,929,894,1015,1010,1084,967,1059,n/a,n/a,n/a,n/a,n/a,
1,Projected,2019-20,1056,958,950,937,925,895,996,1066,1066,992,n/a,n/a,n/a,n/a,n/a,
1,Projected,2020-21,1066,968,959,947,934,927,878,1052,1051,1095,n/a,n/a,n/a,n/a,n/a,
1,Projected,2021-22,1077,978,969,956,944,936,910,929,1037,1078,n/a,n/a,n/a,n/a,n/a,
2,Historical,2011-12,1394,3107,3002,2782,2652,2516,2373,2441,2286,2331,n/a,n/a,n/a,n/a,n/a,
2,Projected,2012-13,1351,3148,3140,2933,2741,2659,2506,2313,2465,2326,n/a,n/a,n/a,n/a,n/a,
2,Projected,2013-14,1338,3111,3178,3071,2892,2744,2647,2447,2335,2508,n/a,n/a,n/a,n/a,n/a,
2,Projected,2014-15,1297,3106,3138,3109,3028,2895,2728,2574,2469,2376,n/a,n/a,n/a,n/a,n/a,
2,Projected,2015-16,1340,3017,3131,3070,3065,3030,2879,2648,2598,2513,n/a,n/a,n/a,n/a,n/a,
2,Projected,2016-17,1355,3117,3039,3063,3027,3066,3015,2802,2669,2646,n/a,n/a,n/a,n/a,n/a,
2,Projected,2017-18,1368,3151,3140,2969,3020,3027,3051,2938,2825,2718,n/a,n/a,n/a,n/a,n/a,
2,Projected,2018-19,1383,3184,3173,3067,2927,3018,3011,2967,2963,2876,n/a,n/a,n/a,n/a,n/a,
2,Projected,2019-20,1398,3218,3208,3100,3023,2928,3000,2930,2992,3017,n/a,n/a,n/a,n/a,n/a,
2,Projected,2020-21,1411,3250,3242,3134,3056,3023,2910,2917,2954,3049,n/a,n/a,n/a,n/a,n/a,
2,Projected,2021-22,1426,3283,3274,3169,3089,3056,3004,2828,2940,3009,n/a,n/a,n/a,n/a,n/a,
3,Historical,2011-12,966,1537,1513,1574,1373,1460,1435,1425,1364,1313,n/a,n/a,n/a,n/a,n/a,
3,Projected,2012-13,888,1546,1559,1501,1550,1369,1442,1422,1402,1385,n/a,n/a,n/a,n/a,n/a,
3,Projected,2013-14,873,1460,1564,1548,1478,1546,1356,1427,1401,1423,n/a,n/a,n/a,n/a,n/a,
3,Projected,2014-15,926,1468,1476,1553,1526,1475,1533,1341,1406,1424,n/a,n/a,n/a,n/a,n/a,
3,Projected,2015-16,955,1497,1484,1465,1530,1524,1463,1512,1321,1430,n/a,n/a,n/a,n/a,n/a,
3,Projected,2016-17,967,1547,1515,1475,1442,1526,1518,1444,1491,1342,n/a,n/a,n/a,n/a,n/a,
3,Projected,2017-18,977,1563,1565,1504,1452,1440,1517,1497,1424,1517,n/a,n/a,n/a,n/a,n/a,
3,Projected,2018-19,987,1581,1582,1553,1482,1448,1432,1497,1478,1449,n/a,n/a,n/a,n/a,n/a,
3,Projected,2019-20,997,1597,1601,1570,1530,1478,1443,1413,1477,1503,n/a,n/a,n/a,n/a,n/a,
3,Projected,2020-21,1007,1613,1617,1589,1547,1524,1471,1422,1394,1503,n/a,n/a,n/a,n/a,n/a,
3,Projected,2021-22,1017,1630,1633,1605,1566,1541,1516,1452,1404,1419,n/a,n/a,n/a,n/a,n/a,
4,Historical,2011-12,885,1051,1057,1090,1080,1125,1093,1085,1138,1154,n/a,n/a,n/a,n/a,n/a,
4,Projected,2012-13,888,1034,1071,1049,1096,1050,1099,1085,1106,1128,n/a,n/a,n/a,n/a,n/a,
4,Projected,2013-14,851,1035,1052,1063,1051,1066,1030,1092,1105,1097,n/a,n/a,n/a,n/a,n/a,
4,Projected,2014-15,839,999,1054,1046,1064,1023,1041,1022,1114,1096,n/a,n/a,n/a,n/a,n/a,
4,Projected,2015-16,868,983,1018,1050,1048,1038,1009,1034,1042,1105,n/a,n/a,n/a,n/a,n/a,
4,Projected,2016-17,876,1017,1001,1014,1051,1021,1028,1004,1053,1034,n/a,n/a,n/a,n/a,n/a,
4,Projected,2017-18,886,1027,1035,994,1014,1024,1009,1023,1024,1045,n/a,n/a,n/a,n/a,n/a,
4,Projected,2018-19,895,1038,1045,1028,995,990,1016,1005,1042,1017,n/a,n/a,n/a,n/a,n/a,
4,Projected,2019-20,904,1048,1056,1037,1029,970,985,1012,1024,1035,n/a,n/a,n/a,n/a,n/a,
4,Projected,2020-21,912,1060,1067,1048,1038,1003,960,982,1032,1017,n/a,n/a,n/a,n/a,n/a,
4,Projected,2021-22,923,1069,1080,1059,1049,1012,992,956,1001,1025,n/a,n/a,n/a,n/a,n/a,
5,Historical,2011-12,1211,913,921,946,969,903,910,953,1031,1053,n/a,n/a,n/a,n/a,n/a,
5,Projected,2012-13,1237,897,941,909,951,969,796,976,1006,1042,n/a,n/a,n/a,n/a,n/a,
5,Projected,2013-14,1169,905,923,930,912,953,855,865,1027,1017,n/a,n/a,n/a,n/a,n/a,
5,Projected,2014-15,1170,850,932,912,934,912,843,924,905,1038,n/a,n/a,n/a,n/a,n/a,
5,Projected,2015-16,1210,851,874,922,916,935,804,917,968,916,n/a,n/a,n/a,n/a,n/a,
5,Projected,2016-17,1222,880,875,864,926,918,828,872,956,980,n/a,n/a,n/a,n/a,n/a,
5,Projected,2017-18,1235,889,905,865,868,928,815,900,912,968,n/a,n/a,n/a,n/a,n/a,
5,Projected,2018-19,1249,898,914,895,869,869,824,884,938,923,n/a,n/a,n/a,n/a,n/a,
5,Projected,2019-20,1261,908,923,904,898,870,772,896,921,950,n/a,n/a,n/a,n/a,n/a,
5,Projected,2020-21,1274,917,934,912,907,899,773,839,933,932,n/a,n/a,n/a,n/a,n/a,
5,Projected,2021-22,1286,927,943,923,916,908,799,840,874,945,n/a,n/a,n/a,n/a,n/a,
6,Historical,2011-12,1555,2131,2259,2216,2236,2103,1878,1937,2009,2326,n/a,n/a,n/a,n/a,n/a,
6,Projected,2012-13,1460,2087,2272,2216,2212,2251,1829,1894,1980,2093,n/a,n/a,n/a,n/a,n/a,
6,Projected,2013-14,1445,1967,2225,2229,2211,2227,1957,1843,1936,2063,n/a,n/a,n/a,n/a,n/a,
6,Projected,2014-15,1406,1948,2094,2183,2225,2226,1935,1971,1884,2020,n/a,n/a,n/a,n/a,n/a,
6,Projected,2015-16,1453,1894,2075,2054,2178,2241,1936,1950,2016,1964,n/a,n/a,n/a,n/a,n/a,
6,Projected,2016-17,1469,1957,2015,2035,2046,2193,1950,1949,1994,2102,n/a,n/a,n/a,n/a,n/a,
6,Projected,2017-18,1485,1978,2083,1976,2028,2058,1911,1964,1994,2079,n/a,n/a,n/a,n/a,n/a,
6,Projected,2018-19,1499,1998,2105,2043,1969,2041,1792,1923,2008,2079,n/a,n/a,n/a,n/a,n/a,
6,Projected,2019-20,1515,2020,2126,2065,2036,1980,1777,1798,1967,2092,n/a,n/a,n/a,n/a,n/a,
6,Projected,2020-21,1530,2040,2150,2086,2058,2048,1725,1785,1840,2050,n/a,n/a,n/a,n/a,n/a,
6,Projected,2021-22,1545,2061,2171,2109,2078,2070,1785,1730,1826,1919,n/a,n/a,n/a,n/a,n/a,
7,Historical,2011-12,1312,1320,1391,1322,1423,1318,1292,1341,1401,1350,n/a,n/a,n/a,n/a,n/a,
7,Projected,2012-13,1294,1365,1452,1313,1316,1426,1249,1384,1337,1403,n/a,n/a,n/a,n/a,n/a,
7,Projected,2013-14,1291,1340,1502,1371,1307,1320,1352,1337,1380,1339,n/a,n/a,n/a,n/a,n/a,
7,Projected,2014-15,1292,1337,1474,1418,1364,1310,1251,1447,1333,1382,n/a,n/a,n/a,n/a,n/a,
7,Projected,2015-16,1310,1333,1471,1392,1411,1366,1242,1340,1443,1334,n/a,n/a,n/a,n/a,n/a,
7,Projected,2016-17,1315,1352,1467,1390,1386,1414,1296,1330,1337,1445,n/a,n/a,n/a,n/a,n/a,
7,Projected,2017-18,1319,1355,1488,1386,1384,1390,1342,1386,1326,1338,n/a,n/a,n/a,n/a,n/a,
7,Projected,2018-19,1323,1360,1491,1405,1379,1388,1317,1435,1382,1327,n/a,n/a,n/a,n/a,n/a,
7,Projected,2019-20,1327,1364,1497,1408,1398,1382,1314,1410,1431,1383,n/a,n/a,n/a,n/a,n/a,
7,Projected,2020-21,1333,1368,1502,1413,1401,1401,1311,1407,1406,1433,n/a,n/a,n/a,n/a,n/a,
7,Projected,2021-22,1337,1373,1506,1418,1407,1404,1328,1403,1403,1406,n/a,n/a,n/a,n/a,n/a,
8,Historical,2011-12,1775,2278,2381,2207,2204,2234,2325,2229,2300,2369,n/a,n/a,n/a,n/a,n/a,
8,Projected,2012-13,1883,2343,2457,2280,2170,2187,2231,2236,2278,2289,n/a,n/a,n/a,n/a,n/a,
8,Projected,2013-14,1938,2428,2528,2358,2241,2154,2183,2146,2286,2268,n/a,n/a,n/a,n/a,n/a,
8,Projected,2014-15,1825,2496,2620,2425,2321,2225,2151,2100,2192,2276,n/a,n/a,n/a,n/a,n/a,
8,Projected,2015-16,1853,2355,2694,2510,2387,2304,2222,2069,2147,2183,n/a,n/a,n/a,n/a,n/a,
8,Projected,2016-17,1858,2389,2541,2579,2470,2369,2303,2138,2116,2139,n/a,n/a,n/a,n/a,n/a,
8,Projected,2017-18,1864,2395,2577,2437,2535,2451,2368,2221,2187,2109,n/a,n/a,n/a,n/a,n/a,
8,Projected,2018-19,1870,2403,2585,2471,2398,2516,2449,2281,2275,2180,n/a,n/a,n/a,n/a,n/a,
8,Projected,2019-20,1876,2411,2593,2478,2430,2380,2513,2359,2335,2271,n/a,n/a,n/a,n/a,n/a,
8,Projected,2020-21,1882,2417,2602,2486,2437,2412,2378,2419,2413,2330,n/a,n/a,n/a,n/a,n/a,
8,Projected,2021-22,1889,2425,2608,2495,2445,2419,2411,2290,2473,2407,n/a,n/a,n/a,n/a,n/a,
9,Historical,2011-12,1778,3077,3020,2954,2832,2732,2636,2891,2922,2844,n/a,n/a,n/a,n/a,n/a,
9,Projected,2012-13,1794,3032,3236,2896,2807,2736,2585,2881,2958,2931,n/a,n/a,n/a,n/a,n/a,
9,Projected,2013-14,1805,2961,3187,3101,2752,2717,2590,2824,2952,2966,n/a,n/a,n/a,n/a,n/a,
9,Projected,2014-15,1783,2983,3111,3057,2948,2662,2576,2829,2893,2961,n/a,n/a,n/a,n/a,n/a,
9,Projected,2015-16,1810,2954,3134,2983,2908,2855,2525,2811,2901,2902,n/a,n/a,n/a,n/a,n/a,
9,Projected,2016-17,1816,2998,3103,3006,2836,2818,2709,2755,2884,2911,n/a,n/a,n/a,n/a,n/a,
9,Projected,2017-18,1821,3007,3149,2977,2859,2747,2677,2953,2828,2897,n/a,n/a,n/a,n/a,n/a,
9,Projected,2018-19,1827,3016,3159,3021,2833,2770,2608,2917,3031,2841,n/a,n/a,n/a,n/a,n/a,
9,Projected,2019-20,1833,3026,3168,3031,2874,2747,2631,2843,2997,3046,n/a,n/a,n/a,n/a,n/a,
9,Projected,2020-21,1838,3035,3178,3040,2884,2787,2612,2868,2920,3014,n/a,n/a,n/a,n/a,n/a,
9,Projected,2021-22,1843,3045,3188,3049,2893,2796,2649,2846,2946,2936,n/a,n/a,n/a,n/a,n/a,
10,Historical,2011-12,2689,4397,4579,4288,4157,3934,4082,4035,3769,3765,n/a,n/a,n/a,n/a,n/a,
10,Projected,2012-13,2843,4433,4687,4495,4190,4148,3908,4034,3989,3802,n/a,n/a,n/a,n/a,n/a,
10,Projected,2013-14,2843,4514,4727,4600,4395,4180,4129,3863,3989,4022,n/a,n/a,n/a,n/a,n/a,
10,Projected,2014-15,2793,4507,4812,4642,4496,4386,4157,4087,3820,4024,n/a,n/a,n/a,n/a,n/a,
10,Projected,2015-16,2834,4448,4800,4724,4540,4487,4364,4112,4044,3853,n/a,n/a,n/a,n/a,n/a,
10,Projected,2016-17,2842,4511,4742,4711,4619,4532,4464,4320,4067,4087,n/a,n/a,n/a,n/a,n/a,
10,Projected,2017-18,2852,4525,4810,4657,4603,4611,4513,4418,4275,4107,n/a,n/a,n/a,n/a,n/a,
10,Projected,2018-19,2861,4539,4824,4723,4554,4595,4591,4470,4373,4320,n/a,n/a,n/a,n/a,n/a,
10,Projected,2019-20,2871,4554,4839,4737,4618,4547,4573,4545,4424,4419,n/a,n/a,n/a,n/a,n/a,
10,Projected,2020-21,2879,4570,4855,4752,4632,4610,4528,4531,4499,4474,n/a,n/a,n/a,n/a,n/a,
10,Projected,2021-22,2888,4583,4872,4768,4646,4624,4591,4487,4484,4547,n/a,n/a,n/a,n/a,n/a,
11,Historical,2011-12,1750,2928,3300,3177,3275,3121,3245,3081,3034,3022,n/a,n/a,n/a,n/a,n/a,
11,Projected,2012-13,1736,3105,3221,3273,3179,3242,3132,3123,3092,3107,n/a,n/a,n/a,n/a,n/a,
11,Projected,2013-14,1743,3061,3412,3197,3278,3148,3251,3015,3136,3165,n/a,n/a,n/a,n/a,n/a,
11,Projected,2014-15,1691,3098,3365,3387,3203,3246,3160,3128,3028,3212,n/a,n/a,n/a,n/a,n/a,
11,Projected,2015-16,1715,3001,3404,3341,3388,3173,3259,3039,3141,3103,n/a,n/a,n/a,n/a,n/a,
11,Projected,2016-17,1720,3044,3298,3382,3343,3357,3189,3134,3055,3219,n/a,n/a,n/a,n/a,n/a,
11,Projected,2017-18,1726,3054,3344,3274,3377,3312,3372,3067,3152,3127,n/a,n/a,n/a,n/a,n/a,
11,Projected,2018-19,1732,3063,3355,3320,3272,3347,3327,3242,3087,3227,n/a,n/a,n/a,n/a,n/a,
11,Projected,2019-20,1736,3073,3365,3331,3318,3243,3363,3199,3263,3164,n/a,n/a,n/a,n/a,n/a,
11,Projected,2020-21,1742,3083,3377,3341,3329,3288,3258,3233,3220,3342,n/a,n/a,n/a,n/a,n/a,
11,Projected,2021-22,1748,3093,3387,3353,3339,3299,3303,3132,3256,3298,n/a,n/a,n/a,n/a,n/a,
12,Historical,2011-12,1435,1896,1976,1865,1889,1795,1831,1800,1754,1898,n/a,n/a,n/a,n/a,n/a,
12,Projected,2012-13,1544,1937,2024,1852,1840,1879,1767,1801,1836,1768,n/a,n/a,n/a,n/a,n/a,
12,Projected,2013-14,1480,2052,2069,1896,1827,1830,1854,1738,1840,1853,n/a,n/a,n/a,n/a,n/a,
12,Projected,2014-15,1444,1975,2189,1939,1871,1818,1804,1822,1775,1858,n/a,n/a,n/a,n/a,n/a,
12,Projected,2015-16,1466,1922,2107,2051,1916,1862,1793,1772,1864,1791,n/a,n/a,n/a,n/a,n/a,
12,Projected,2016-17,1470,1950,2051,1976,2021,1907,1838,1762,1812,1882,n/a,n/a,n/a,n/a,n/a,
12,Projected,2017-18,1474,1956,2080,1921,1950,2011,1885,1807,1802,1829,n/a,n/a,n/a,n/a,n/a,
12,Projected,2018-19,1479,1962,2087,1949,1895,1940,1983,1849,1849,1818,n/a,n/a,n/a,n/a,n/a,
12,Projected,2019-20,1484,1968,2093,1956,1923,1888,1914,1951,1894,1868,n/a,n/a,n/a,n/a,n/a,
12,Projected,2020-21,1488,1974,2099,1961,1930,1916,1866,1882,1994,1912,n/a,n/a,n/a,n/a,n/a,
12,Projected,2021-22,1493,1981,2107,1967,1935,1922,1893,1835,1925,2015,n/a,n/a,n/a,n/a,n/a,
13,Historical,2011-12,896,1234,1168,1136,1115,1047,971,1095,1138,1114,n/a,n/a,n/a,n/a,n/a,
13,Projected,2012-13,885,1193,1281,1152,1153,1080,963,1051,1057,1131,n/a,n/a,n/a,n/a,n/a,
13,Projected,2013-14,931,1182,1236,1263,1165,1117,992,1037,1016,1051,n/a,n/a,n/a,n/a,n/a,
13,Projected,2014-15,941,1246,1221,1219,1280,1127,1031,1068,1002,1010,n/a,n/a,n/a,n/a,n/a,
13,Projected,2015-16,939,1264,1286,1202,1234,1239,1044,1103,1033,1000,n/a,n/a,n/a,n/a,n/a,
13,Projected,2016-17,937,1262,1301,1265,1217,1193,1154,1113,1067,1027,n/a,n/a,n/a,n/a,n/a,
13,Projected,2017-18,933,1256,1299,1279,1280,1176,1114,1223,1077,1067,n/a,n/a,n/a,n/a,n/a,
13,Projected,2018-19,931,1253,1293,1277,1293,1236,1103,1179,1185,1077,n/a,n/a,n/a,n/a,n/a,
13,Projected,2019-20,928,1249,1290,1271,1291,1248,1160,1159,1144,1189,n/a,n/a,n/a,n/a,n/a,
13,Projected,2020-21,924,1245,1286,1268,1285,1246,1177,1217,1125,1150,n/a,n/a,n/a,n/a,n/a,
13,Projected,2021-22,921,1241,1282,1264,1282,1240,1175,1230,1181,1133,n/a,n/a,n/a,n/a,n/a,
14,Historical,2011-12,1783,1388,1310,1345,1400,1294,1284,1411,1341,1405,n/a,n/a,n/a,n/a,n/a,
14,Projected,2012-13,1820,1406,1419,1288,1337,1375,1238,1379,1398,1333,n/a,n/a,n/a,n/a,n/a,
14,Projected,2013-14,1818,1421,1438,1395,1282,1314,1316,1323,1367,1388,n/a,n/a,n/a,n/a,n/a,
14,Projected,2014-15,1753,1336,1455,1414,1386,1259,1258,1403,1312,1356,n/a,n/a,n/a,n/a,n/a,
14,Projected,2015-16,1750,1276,1362,1431,1405,1362,1205,1341,1391,1305,n/a,n/a,n/a,n/a,n/a,
14,Projected,2016-17,1744,1274,1301,1339,1422,1380,1304,1287,1331,1381,n/a,n/a,n/a,n/a,n/a,
14,Projected,2017-18,1738,1269,1300,1279,1328,1396,1322,1390,1276,1321,n/a,n/a,n/a,n/a,n/a,
14,Projected,2018-19,1733,1265,1295,1278,1267,1305,1335,1412,1379,1267,n/a,n/a,n/a,n/a,n/a,
14,Projected,2019-20,1727,1260,1291,1273,1266,1245,1251,1430,1401,1368,n/a,n/a,n/a,n/a,n/a,
14,Projected,2020-21,1721,1257,1285,1269,1261,1244,1194,1331,1418,1389,n/a,n/a,n/a,n/a,n/a,
14,Projected,2021-22,1716,1253,1282,1263,1257,1240,1193,1269,1321,1405,n/a,n/a,n/a,n/a,n/a,
15,Historical,2011-12,2222,2986,2995,2854,2644,2546,2382,1716,1586,1697,n/a,n/a,n/a,n/a,n/a,
15,Projected,2012-13,2194,3208,3197,2949,2822,2635,2524,1704,1704,1611,n/a,n/a,n/a,n/a,n/a,
15,Projected,2013-14,2235,3128,3437,3153,2917,2811,2614,1809,1692,1730,n/a,n/a,n/a,n/a,n/a,
15,Projected,2014-15,2256,3189,3336,3396,3118,2901,2793,1857,1797,1716,n/a,n/a,n/a,n/a,n/a,
15,Projected,2015-16,2253,3219,3400,3294,3360,3103,2881,1964,1844,1823,n/a,n/a,n/a,n/a,n/a,
15,Projected,2016-17,2245,3213,3424,3356,3262,3344,3084,2033,1950,1867,n/a,n/a,n/a,n/a,n/a,
15,Projected,2017-18,2237,3203,3417,3377,3324,3243,3335,2156,2019,1974,n/a,n/a,n/a,n/a,n/a,
15,Projected,2018-19,2231,3192,3406,3370,3346,3304,3238,2289,2140,2043,n/a,n/a,n/a,n/a,n/a,
15,Projected,2019-20,2223,3183,3395,3358,3339,3326,3299,2211,2269,2165,n/a,n/a,n/a,n/a,n/a,
15,Projected,2020-21,2217,3171,3384,3348,3327,3319,3319,2251,2193,2292,n/a,n/a,n/a,n/a,n/a,
15,Projected,2021-22,2210,3160,3372,3337,3317,3307,3312,2280,2232,2213,n/a,n/a,n/a,n/a,n/a,
16,Historical,2011-12,972,751,809,783,758,774,761,675,684,632,n/a,n/a,n/a,n/a,n/a,
16,Projected,2012-13,1092,755,787,781,742,754,712,605,689,704,n/a,n/a,n/a,n/a,n/a,
16,Projected,2013-14,1062,861,789,760,739,738,695,566,618,709,n/a,n/a,n/a,n/a,n/a,
16,Projected,2014-15,1029,837,902,762,720,735,681,553,578,636,n/a,n/a,n/a,n/a,n/a,
16,Projected,2015-16,1026,811,876,871,722,716,677,543,564,595,n/a,n/a,n/a,n/a,n/a,
16,Projected,2016-17,1024,809,850,846,826,718,663,539,554,582,n/a,n/a,n/a,n/a,n/a,
16,Projected,2017-18,1020,807,848,821,802,822,663,529,550,571,n/a,n/a,n/a,n/a,n/a,
16,Projected,2018-19,1016,804,846,819,778,798,763,531,540,566,n/a,n/a,n/a,n/a,n/a,
16,Projected,2019-20,1014,802,843,817,777,774,740,611,542,558,n/a,n/a,n/a,n/a,n/a,
16,Projected,2020-21,1011,798,841,814,775,773,719,593,623,558,n/a,n/a,n/a,n/a,n/a,
16,Projected,2021-22,1007,795,837,812,772,771,718,576,605,644,n/a,n/a,n/a,n/a,n/a,
17,Historical,2011-12,1634,1705,1862,1850,1905,1856,1755,2041,2098,2124,n/a,n/a,n/a,n/a,n/a,
17,Projected,2012-13,1609,1734,1895,1850,1793,1842,1704,1974,2041,2135,n/a,n/a,n/a,n/a,n/a,
17,Projected,2013-14,1652,1616,1925,1882,1797,1735,1694,1917,1974,2077,n/a,n/a,n/a,n/a,n/a,
17,Projected,2014-15,1562,1615,1795,1913,1826,1737,1598,1900,1917,2008,n/a,n/a,n/a,n/a,n/a,
17,Projected,2015-16,1558,1499,1793,1786,1859,1765,1605,1785,1900,1950,n/a,n/a,n/a,n/a,n/a,
17,Projected,2016-17,1555,1496,1662,1783,1737,1796,1628,1782,1783,1932,n/a,n/a,n/a,n/a,n/a,
17,Projected,2017-18,1550,1490,1659,1656,1733,1678,1662,1813,1779,1811,n/a,n/a,n/a,n/a,n/a,
17,Projected,2018-19,1545,1486,1652,1653,1615,1675,1554,1841,1810,1804,n/a,n/a,n/a,n/a,n/a,
17,Projected,2019-20,1539,1480,1648,1646,1612,1560,1550,1718,1837,1836,n/a,n/a,n/a,n/a,n/a,
17,Projected,2020-21,1536,1476,1641,1643,1605,1557,1448,1717,1713,1861,n/a,n/a,n/a,n/a,n/a,
17,Projected,2021-22,1530,1471,1637,1636,1603,1550,1446,1596,1713,1735,n/a,n/a,n/a,n/a,n/a,
18,Historical,2011-12,675,1247,1431,1421,1594,1667,1604,1463,1451,1534,n/a,n/a,n/a,n/a,n/a,
18,Projected,2012-13,687,1312,1387,1396,1406,1595,1534,1427,1455,1491,n/a,n/a,n/a,n/a,n/a,
18,Projected,2013-14,662,1291,1460,1354,1382,1407,1469,1363,1419,1494,n/a,n/a,n/a,n/a,n/a,
18,Projected,2014-15,680,1240,1436,1425,1337,1383,1296,1304,1356,1457,n/a,n/a,n/a,n/a,n/a,
18,Projected,2015-16,679,1273,1379,1401,1408,1338,1275,1150,1298,1392,n/a,n/a,n/a,n/a,n/a,
18,Projected,2016-17,676,1270,1415,1346,1384,1409,1232,1132,1144,1333,n/a,n/a,n/a,n/a,n/a,
18,Projected,2017-18,674,1267,1412,1381,1330,1385,1297,1096,1127,1174,n/a,n/a,n/a,n/a,n/a,
18,Projected,2018-19,671,1263,1409,1378,1364,1331,1275,1152,1090,1156,n/a,n/a,n/a,n/a,n/a,
18,Projected,2019-20,669,1257,1404,1375,1361,1365,1225,1133,1145,1118,n/a,n/a,n/a,n/a,n/a,
18,Projected,2020-21,667,1253,1398,1370,1359,1362,1257,1089,1127,1175,n/a,n/a,n/a,n/a,n/a,
18,Projected,2021-22,665,1250,1393,1364,1354,1360,1254,1117,1083,1156,n/a,n/a,n/a,n/a,n/a,
19,Historical,2011-12,1715,1941,2140,2012,2116,2110,1989,1882,1863,1874,n/a,n/a,n/a,n/a,n/a,
19,Projected,2012-13,1750,2054,2043,2056,1991,2079,1951,1802,1875,1889,n/a,n/a,n/a,n/a,n/a,
19,Projected,2013-14,1724,2056,2159,1968,2036,1958,1923,1773,1798,1898,n/a,n/a,n/a,n/a,n/a,
19,Projected,2014-15,1692,2023,2162,2078,1941,2001,1815,1744,1767,1826,n/a,n/a,n/a,n/a,n/a,
19,Projected,2015-16,1689,1986,2127,2080,2055,1911,1852,1642,1740,1791,n/a,n/a,n/a,n/a,n/a,
19,Projected,2016-17,1683,1982,2088,2045,2057,2021,1779,1679,1641,1765,n/a,n/a,n/a,n/a,n/a,
19,Projected,2017-18,1678,1975,2084,2010,2022,2022,1876,1614,1675,1668,n/a,n/a,n/a,n/a,n/a,
19,Projected,2018-19,1673,1970,2076,2006,1987,1988,1878,1697,1612,1700,n/a,n/a,n/a,n/a,n/a,
19,Projected,2019-20,1669,1962,2071,1998,1983,1956,1846,1704,1695,1640,n/a,n/a,n/a,n/a,n/a,
19,Projected,2020-21,1663,1957,2063,1993,1975,1952,1817,1681,1700,1724,n/a,n/a,n/a,n/a,n/a,
19,Projected,2021-22,1657,1951,2057,1986,1970,1944,1813,1646,1676,1726,n/a,n/a,n/a,n/a,n/a,
20,Historical,2011-12,3013,3913,3811,3714,3513,3313,3163,3599,3463,3528,n/a,n/a,n/a,n/a,n/a,
20,Projected,2012-13,2985,4137,4183,3871,3749,3548,3389,3550,3721,3650,n/a,n/a,n/a,n/a,n/a,
20,Projected,2013-14,3076,4055,4435,4251,3910,3788,3630,3789,3664,3926,n/a,n/a,n/a,n/a,n/a,
20,Projected,2014-15,3060,4148,4344,4516,4294,3949,3876,4036,3913,3857,n/a,n/a,n/a,n/a,n/a,
20,Projected,2015-16,3055,4109,4446,4421,4573,4340,4041,4310,4170,4124,n/a,n/a,n/a,n/a,n/a,
20,Projected,2016-17,3044,4102,4398,4526,4473,4625,4441,4506,4455,4396,n/a,n/a,n/a,n/a,n/a,
20,Projected,2017-18,3035,4089,4391,4474,4582,4523,4740,4961,4659,4698,n/a,n/a,n/a,n/a,n/a,
20,Projected,2018-19,3026,4074,4377,4467,4525,4634,4633,5273,5131,4918,n/a,n/a,n/a,n/a,n/a,
20,Projected,2019-20,3015,4062,4360,4453,4518,4577,4749,5168,5466,5420,n/a,n/a,n/a,n/a,n/a,
20,Projected,2020-21,3004,4049,4348,4436,4504,4570,4687,5279,5354,5789,n/a,n/a,n/a,n/a,n/a,
20,Projected,2021-22,2995,4034,4334,4423,4487,4554,4680,5217,5471,5666,n/a,n/a,n/a,n/a,n/a,
21,Historical,2011-12,1977,2083,2140,2151,1934,1959,1958,2649,2621,2748,n/a,n/a,n/a,n/a,n/a,
21,Projected,2012-13,2123,2080,2183,2151,2150,1967,1936,2780,2679,2680,n/a,n/a,n/a,n/a,n/a,
21,Projected,2013-14,2157,2116,2180,2196,2150,2187,1948,2765,2811,2743,n/a,n/a,n/a,n/a,n/a,
21,Projected,2014-15,2153,2145,2217,2194,2194,2183,2168,2778,2795,2880,n/a,n/a,n/a,n/a,n/a,
21,Projected,2015-16,2147,2164,2246,2232,2193,2228,2149,3102,2810,2862,n/a,n/a,n/a,n/a,n/a,
21,Projected,2016-17,2142,2159,2267,2257,2232,2227,2200,3051,3137,2878,n/a,n/a,n/a,n/a,n/a,
21,Projected,2017-18,2134,2151,2262,2283,2253,2269,2200,3109,3084,3215,n/a,n/a,n/a,n/a,n/a,
21,Projected,2018-19,2128,2145,2254,2278,2284,2288,2244,3108,3148,3154,n/a,n/a,n/a,n/a,n/a,
21,Projected,2019-20,2121,2139,2248,2270,2279,2322,2262,3184,3145,3221,n/a,n/a,n/a,n/a,n/a,
21,Projected,2020-21,2113,2132,2241,2264,2271,2316,2295,3198,3222,3219,n/a,n/a,n/a,n/a,n/a,
21,Projected,2021-22,2108,2124,2234,2257,2265,2308,2289,3252,3238,3301,n/a,n/a,n/a,n/a,n/a,
22,Historical,2011-12,2371,2760,2945,2825,2875,2966,3002,2283,2305,2442,n/a,n/a,n/a,n/a,n/a,
22,Projected,2012-13,2400,2784,2969,2919,2816,2918,2926,2387,2285,2349,n/a,n/a,n/a,n/a,n/a,
22,Projected,2013-14,2403,2747,2995,2944,2905,2860,2880,2327,2388,2330,n/a,n/a,n/a,n/a,n/a,
22,Projected,2014-15,2428,2709,2951,2971,2936,2952,2825,2291,2328,2433,n/a,n/a,n/a,n/a,n/a,
22,Projected,2015-16,2424,2736,2910,2929,2963,2982,2919,2246,2291,2373,n/a,n/a,n/a,n/a,n/a,
22,Projected,2016-17,2416,2731,2937,2886,2917,3009,2943,2316,2247,2336,n/a,n/a,n/a,n/a,n/a,
22,Projected,2017-18,2406,2722,2932,2914,2876,2964,2971,2338,2316,2292,n/a,n/a,n/a,n/a,n/a,
22,Projected,2018-19,2399,2712,2922,2909,2903,2921,2928,2361,2337,2363,n/a,n/a,n/a,n/a,n/a,
22,Projected,2019-20,2392,2706,2912,2900,2898,2947,2886,2327,2361,2381,n/a,n/a,n/a,n/a,n/a,
22,Projected,2020-21,2384,2696,2905,2890,2889,2942,2912,2293,2328,2406,n/a,n/a,n/a,n/a,n/a,
22,Projected,2021-22,2375,2688,2895,2883,2878,2933,2907,2316,2294,2377,n/a,n/a,n/a,n/a,n/a,
23,Historical,2011-12,858,807,876,919,997,910,864,1249,1190,1299,n/a,n/a,n/a,n/a,n/a,
23,Projected,2012-13,891,780,880,836,947,952,831,1114,1303,1155,n/a,n/a,n/a,n/a,n/a,
23,Projected,2013-14,881,857,850,840,861,905,872,1072,1163,1265,n/a,n/a,n/a,n/a,n/a,
23,Projected,2014-15,830,854,935,811,865,826,830,1121,1120,1129,n/a,n/a,n/a,n/a,n/a,
23,Projected,2015-16,828,802,937,893,835,831,761,1065,1170,1088,n/a,n/a,n/a,n/a,n/a,
23,Projected,2016-17,826,800,879,895,919,802,767,973,1112,1136,n/a,n/a,n/a,n/a,n/a,
23,Projected,2017-18,824,798,877,840,921,884,740,980,1016,1080,n/a,n/a,n/a,n/a,n/a,
23,Projected,2018-19,821,795,875,838,864,889,818,946,1023,986,n/a,n/a,n/a,n/a,n/a,
23,Projected,2019-20,819,792,870,836,862,833,825,1042,988,993,n/a,n/a,n/a,n/a,n/a,
23,Projected,2020-21,816,790,867,831,860,831,772,1047,1088,959,n/a,n/a,n/a,n/a,n/a,
23,Projected,2021-22,813,788,865,828,855,829,771,981,1093,1056,n/a,n/a,n/a,n/a,n/a,
24,Historical,2011-12,3696,4982,5046,4911,4654,4529,4249,3916,3978,4070,n/a,n/a,n/a,n/a,n/a,
24,Projected,2012-13,3709,5077,5169,5068,4903,4685,4558,4045,4227,4080,n/a,n/a,n/a,n/a,n/a,
24,Projected,2013-14,3634,5116,5266,5192,5057,4950,4717,4338,4351,4340,n/a,n/a,n/a,n/a,n/a,
24,Projected,2014-15,3605,5013,5306,5289,5179,5094,4987,4490,4676,4460,n/a,n/a,n/a,n/a,n/a,
24,Projected,2015-16,3681,4973,5200,5328,5276,5213,5133,4742,4846,4798,n/a,n/a,n/a,n/a,n/a,
24,Projected,2016-17,3697,5079,5158,5221,5313,5313,5248,4885,5135,4974,n/a,n/a,n/a,n/a,n/a,
24,Projected,2017-18,3711,5100,5269,5178,5208,5346,5351,4996,5276,5279,n/a,n/a,n/a,n/a,n/a,
24,Projected,2018-19,3726,5119,5291,5291,5165,5246,5385,5091,5390,5417,n/a,n/a,n/a,n/a,n/a,
24,Projected,2019-20,3740,5140,5310,5313,5279,5205,5286,5123,5494,5532,n/a,n/a,n/a,n/a,n/a,
24,Projected,2020-21,3755,5160,5332,5332,5301,5320,5246,5029,5525,5639,n/a,n/a,n/a,n/a,n/a,
24,Projected,2021-22,3769,5180,5353,5354,5320,5342,5362,4990,5428,5670,n/a,n/a,n/a,n/a,n/a,
25,Historical,2011-12,2320,2795,2749,2775,2498,2452,2349,2592,2488,2421,n/a,n/a,n/a,n/a,n/a,
25,Projected,2012-13,2193,3126,2873,2713,2767,2490,2498,2508,2689,2566,n/a,n/a,n/a,n/a,n/a,
25,Projected,2013-14,2141,2952,3203,2839,2700,2759,2537,2658,2605,2777,n/a,n/a,n/a,n/a,n/a,
25,Projected,2014-15,2041,2885,3029,3161,2830,2692,2812,2707,2758,2693,n/a,n/a,n/a,n/a,n/a,
25,Projected,2015-16,2085,2751,2961,2989,3144,2824,2745,3002,2813,2854,n/a,n/a,n/a,n/a,n/a,
25,Projected,2016-17,2092,2810,2824,2924,2977,3136,2880,2924,3121,2910,n/a,n/a,n/a,n/a,n/a,
25,Projected,2017-18,2100,2819,2885,2788,2911,2971,3200,3076,3042,3234,n/a,n/a,n/a,n/a,n/a,
25,Projected,2018-19,2109,2830,2893,2847,2776,2905,3032,3399,3204,3154,n/a,n/a,n/a,n/a,n/a,
25,Projected,2019-20,2117,2842,2904,2855,2835,2770,2966,3228,3536,3322,n/a,n/a,n/a,n/a,n/a,
25,Projected,2020-21,2125,2852,2916,2866,2842,2830,2828,3157,3361,3675,n/a,n/a,n/a,n/a,n/a,
25,Projected,2021-22,2133,2864,2926,2878,2853,2837,2889,3010,3288,3491,n/a,n/a,n/a,n/a,n/a,
26,Historical,2011-12,1214,1683,1661,1742,1672,1668,1674,1937,1805,1916,n/a,n/a,n/a,n/a,n/a,
26,Projected,2012-13,1194,1839,1755,1682,1758,1740,1696,1819,1956,1844,n/a,n/a,n/a,n/a,n/a,
26,Projected,2013-14,1169,1716,1914,1776,1698,1831,1768,1842,1839,1994,n/a,n/a,n/a,n/a,n/a,
26,Projected,2014-15,1173,1676,1784,1933,1793,1768,1862,1913,1860,1876,n/a,n/a,n/a,n/a,n/a,
26,Projected,2015-16,1197,1681,1749,1798,1951,1867,1798,2023,1929,1899,n/a,n/a,n/a,n/a,n/a,
26,Projected,2016-17,1203,1716,1755,1768,1814,2032,1904,1952,2044,1970,n/a,n/a,n/a,n/a,n/a,
26,Projected,2017-18,1207,1725,1791,1773,1785,1892,2069,2067,1972,2088,n/a,n/a,n/a,n/a,n/a,
26,Projected,2018-19,1213,1730,1801,1809,1791,1863,1929,2251,2087,2016,n/a,n/a,n/a,n/a,n/a,
26,Projected,2019-20,1216,1737,1806,1820,1828,1870,1897,2114,2274,2137,n/a,n/a,n/a,n/a,n/a,
26,Projected,2020-21,1221,1743,1813,1825,1839,1908,1904,2080,2136,2325,n/a,n/a,n/a,n/a,n/a,
26,Projected,2021-22,1227,1749,1819,1832,1844,1920,1943,2092,2106,2182,n/a,n/a,n/a,n/a,n/a,
27,Historical,2011-12,2500,3763,3757,3631,3713,3611,3642,3718,3710,3836,n/a,n/a,n/a,n/a,n/a,
27,Projected,2012-13,2590,3856,3804,3715,3587,3695,3604,3778,3870,3757,n/a,n/a,n/a,n/a,n/a,
27,Projected,2013-14,2413,3928,3896,3763,3669,3572,3692,3736,3929,3918,n/a,n/a,n/a,n/a,n/a,
27,Projected,2014-15,2399,3701,3968,3854,3719,3659,3571,3825,3880,3976,n/a,n/a,n/a,n/a,n/a,
27,Projected,2015-16,2450,3651,3736,3926,3807,3713,3659,3701,3983,3926,n/a,n/a,n/a,n/a,n/a,
